{
  "name": "Application",
  "policies": [],
  "description": "Application authorization policy.",
  "permissions": [
    {
      "name": "OrderDashboard_read",
      "roles": [
        "Administration"
      ],
      "description": "Read permission for OrderDashboard."
    },
    {
      "name": "OrderQuery_read",
      "roles": [
        "Administration"
      ],
      "description": "Read permission for OrderQuery."
    },
    {
      "name": "OrderForm_read",
      "roles": [
        "Administration"
      ],
      "description": "Read permission for OrderForm."
    },
    {
      "name": "Order_read",
      "roles": [
        "Administration"
      ],
      "description": "Read permission for Order."
    },
    {
      "name": "Order_write",
      "roles": [
        "Administration"
      ],
      "description": "Write permission for Order."
    },
    {
      "name": "Order_delete",
      "roles": [
        "Administration"
      ],
      "description": "Delete permission for Order."
    },
    {
      "name": "Order_destroy",
      "roles": [
        "Administration"
      ],
      "description": "Destroy Sensitive Data permission for Order."
    },
    {
      "name": "OrderSerieDashboard_read",
      "roles": [
        "Administration"
      ],
      "description": "Read permission for OrderSerieDashboard."
    },
    {
      "name": "OrderSerieQuery_read",
      "roles": [
        "Administration"
      ],
      "description": "Read permission for OrderSerieQuery."
    },
    {
      "name": "OrderSerieForm_read",
      "roles": [
        "Administration"
      ],
      "description": "Read permission for OrderSerieForm."
    },
    {
      "name": "OrderSerie_read",
      "roles": [
        "Administration"
      ],
      "description": "Read permission for OrderSerie."
    },
    {
      "name": "OrderSerie_write",
      "roles": [
        "Administration"
      ],
      "description": "Write permission for OrderSerie."
    },
    {
      "name": "OrderSerie_delete",
      "roles": [
        "Administration"
      ],
      "description": "Delete permission for OrderSerie."
    },
    {
      "name": "OrderSerie_destroy",
      "roles": [
        "Administration"
      ],
      "description": "Destroy Sensitive Data permission for OrderSerie."
    },
    {
      "name": "VatTaxDashboard_read",
      "roles": [
        "Administration"
      ],
      "description": "Read permission for VatTaxDashboard."
    },
    {
      "name": "VatTaxQuery_read",
      "roles": [
        "Administration"
      ],
      "description": "Read permission for VatTaxQuery."
    },
    {
      "name": "VatTaxForm_read",
      "roles": [
        "Administration"
      ],
      "description": "Read permission for VatTaxForm."
    },
    {
      "name": "VatTax_read",
      "roles": [
        "Administration"
      ],
      "description": "Read permission for VatTax."
    },
    {
      "name": "VatTax_write",
      "roles": [
        "Administration"
      ],
      "description": "Write permission for VatTax."
    },
    {
      "name": "VatTax_delete",
      "roles": [
        "Administration"
      ],
      "description": "Delete permission for VatTax."
    },
    {
      "name": "VatTax_destroy",
      "roles": [
        "Administration"
      ],
      "description": "Destroy Sensitive Data permission for VatTax."
    },
    {
      "name": "OrderLine_read",
      "roles": [
        "Administration"
      ],
      "description": "Read permission for OrderLine."
    },
    {
      "name": "OrderLine_write",
      "roles": [
        "Administration"
      ],
      "description": "Write permission for OrderLine."
    },
    {
      "name": "OrderLine_delete",
      "roles": [
        "Administration"
      ],
      "description": "Delete permission for OrderLine."
    },
    {
      "name": "OrderLine_destroy",
      "roles": [
        "Administration"
      ],
      "description": "Destroy Sensitive Data permission for OrderLine."
    },
    {
      "name": "SalesPersonDashboard_read",
      "roles": [
        "Administration"
      ],
      "description": "Read permission for SalesPersonDashboard."
    },
    {
      "name": "SalesPersonQuery_read",
      "roles": [
        "Administration"
      ],
      "description": "Read permission for SalesPersonQuery."
    },
    {
      "name": "SalesPersonForm_read",
      "roles": [
        "Administration"
      ],
      "description": "Read permission for SalesPersonForm."
    },
    {
      "name": "SalesPerson_read",
      "roles": [
        "Administration"
      ],
      "description": "Read permission for SalesPerson."
    },
    {
      "name": "SalesPerson_write",
      "roles": [
        "Administration"
      ],
      "description": "Write permission for SalesPerson."
    },
    {
      "name": "SalesPerson_delete",
      "roles": [
        "Administration"
      ],
      "description": "Delete permission for SalesPerson."
    },
    {
      "name": "SalesPerson_destroy",
      "roles": [
        "Administration"
      ],
      "description": "Destroy Sensitive Data permission for SalesPerson."
    },
    {
      "name": "ProductDashboard_read",
      "roles": [
        "Administration"
      ],
      "description": "Read permission for ProductDashboard."
    },
    {
      "name": "ProductQuery_read",
      "roles": [
        "Administration"
      ],
      "description": "Read permission for ProductQuery."
    },
    {
      "name": "ProductForm_read",
      "roles": [
        "Administration"
      ],
      "description": "Read permission for ProductForm."
    },
    {
      "name": "Product_read",
      "roles": [
        "Administration"
      ],
      "description": "Read permission for Product."
    },
    {
      "name": "Product_write",
      "roles": [
        "Administration"
      ],
      "description": "Write permission for Product."
    },
    {
      "name": "Product_delete",
      "roles": [
        "Administration"
      ],
      "description": "Delete permission for Product."
    },
    {
      "name": "Product_destroy",
      "roles": [
        "Administration"
      ],
      "description": "Destroy Sensitive Data permission for Product."
    },
    {
      "name": "ClientDashboard_read",
      "roles": [
        "Administration"
      ],
      "description": "Read permission for ClientDashboard."
    },
    {
      "name": "ClientQuery_read",
      "roles": [
        "Administration"
      ],
      "description": "Read permission for ClientQuery."
    },
    {
      "name": "ClientForm_read",
      "roles": [
        "Administration"
      ],
      "description": "Read permission for ClientForm."
    },
    {
      "name": "Client_read",
      "roles": [
        "Administration"
      ],
      "description": "Read permission for Client."
    },
    {
      "name": "Client_write",
      "roles": [
        "Administration"
      ],
      "description": "Write permission for Client."
    },
    {
      "name": "Client_delete",
      "roles": [
        "Administration"
      ],
      "description": "Delete permission for Client."
    },
    {
      "name": "Client_destroy",
      "roles": [
        "Administration"
      ],
      "description": "Destroy Sensitive Data permission for Client."
    },
    {
      "name": "System_read",
      "roles": [
        "Administration"
      ],
      "description": "Read permission for System."
    },
    {
      "name": "System_write",
      "roles": [
        "Administration"
      ],
      "description": "Write permission for System."
    },
    {
      "name": "System_delete",
      "roles": [
        "Administration"
      ],
      "description": "Delete permission for System."
    },
    {
      "name": "System_destroy",
      "roles": [
        "Administration"
      ],
      "description": "Destroy Sensitive Data permission for System."
    },
    {
      "name": "MonthlySalesQueryAdv_read",
      "roles": [
        "Administration"
      ],
      "description": "Read permission for MonthlySalesQueryAdv."
    },
    {
      "name": "MonthlySalesQuery_read",
      "roles": [
        "Administration"
      ],
      "description": "Read permission for MonthlySalesQuery."
    },
    {
      "name": "MonthlySales_read",
      "roles": [
        "Administration"
      ],
      "description": "Read permission for MonthlySales."
    },
    {
      "name": "MonthlySales_write",
      "roles": [
        "Administration"
      ],
      "description": "Write permission for MonthlySales."
    },
    {
      "name": "MonthlySales_delete",
      "roles": [
        "Administration"
      ],
      "description": "Delete permission for MonthlySales."
    },
    {
      "name": "MonthlySales_destroy",
      "roles": [
        "Administration"
      ],
      "description": "Destroy Sensitive Data permission for MonthlySales."
    },
    {
      "name": "QuarterSalesQueryAdv_read",
      "roles": [
        "Administration"
      ],
      "description": "Read permission for QuarterSalesQueryAdv."
    },
    {
      "name": "SalesPerSalesPersonQueryAdv_read",
      "roles": [
        "Administration"
      ],
      "description": "Read permission for SalesPerSalesPersonQueryAdv."
    },
    {
      "name": "SalesPerClientQueryAdv_read",
      "roles": [
        "Administration"
      ],
      "description": "Read permission for SalesPerClientQueryAdv."
    },
    {
      "name": "SalesPerProductQueryAdv_read",
      "roles": [
        "Administration"
      ],
      "description": "Read permission for SalesPerProductQueryAdv."
    }
  ]
}